{
"title": "MIRI Image Distortion",
"models":
    [
        {
        "model_name": "SIPModel",
        "param_dim": 1,
        "crpix": [-300, -350],
        "a_order": 4,
        "a_coeff":{
            "A_0_2": 2.16615952976212E-06,
            "A_0_3": 1.08193519820265E-11,
            "A_0_4": 1.49356171166049E-14,
            "A_1_1": -5.1974576466834E-06,
            "A_1_2": -5.2348707436924E-10,
            "A_1_3": -2.4569975537746E-14,
            "A_2_0": 8.55127758255650E-06,
            "A_2_1": -3.9771547747287E-11,
            "A_2_2": 3.46791267104378E-14,
            "A_3_0": -4.7304448292227E-10,
            "A_3_1": 1.97102297166030E-15,
            "A_4_0": 2.37430106240231E-14
            },
        "b_order": 4,
        "b_coeff": {
            "B_0_2": -7.2168814507744E-06,
            "B_0_3": -4.1754720492749E-10,
            "B_0_4": -9.9570490655478E-15,
            "B_1_1": 6.18443235774478E-06,
            "B_1_2": -6.1692652686813E-11,
            "B_1_3": 1.21743011568848E-14,
            "B_2_0": -1.7464918770586E-06,
            "B_2_1": -5.0857161673862E-10,
            "B_2_2": -3.6614325928657E-14,
            "B_3_0": 8.56763542781631E-11,
            "B_3_1": -3.7795068054874E-15,
            "B_4_0": -1.7687653826004E-14
            }
        }
    ],
"input_mapping": [
                    {
                    "model_name": "SIPModel",
                    "inmap": ["x", "y"]
                    }
                ],
"output_mapping": [
                    {
                    "model_name": "SIPModel",
                    "outmap": ["x", "y"]
                    }
                ]
}